{
    "SiteUrl": "",
    "Domains": [
        "http://123.666291.xyz",
        "https://123.91muou.icu",
        "https://mo.666291.xyz",
        "https://123.muouso.fun"
    ],
    "SiteWord": "mogg",
    "SiteName": "木偶",
    "Classes": [
        {
            "type_name": "木偶电影",
            "type_id": "1"
        },
        {
            "type_name": "木偶剧集",
            "type_id": "2"
        },
        {
            "type_name": "木偶动漫",
            "type_id": "3"
        },
        {
            "type_name": "木偶纪录片",
            "type_id": "4"
        }
    ]
}